"employee_id","first_name","last_name","email","job_title"
2249,"Akash","Verma","akash.verma.1301@corp.io","Project Manager"
2250,"Bhavna","Singh","bhavna.singh.1302@corp.io","Data Scientist"
2251,"Chetan","Kumar","chetan.kumar.1303@corp.io","Software Developer"
2252,"Divya","Sharma","divya.sharma.1304@corp.io","HR Specialist"
2253,"Eshaan","Gupta","eshaan.gupta.1305@corp.io","Financial Analyst"
2254,"Fatima","Khan","fatima.khan.1306@corp.io","Marketing Executive"
2255,"Gaurav","Yadav","gaurav.yadav.1307@corp.io","Business Analyst"
2256,"Hina","Jain","hina.jain.1308@corp.io","UX Designer"
2257,"Ishan","Rao","ishan.rao.1309@corp.io","DevOps Engineer"
2258,"Jiya","Patel","jiya.patel.1310@corp.io","Technical Writer"
2259,"Karan","Mehta","karan.mehta.1311@corp.io","Project Manager"
2260,"Lata","Reddy","lata.reddy.1312@corp.io","Data Scientist"
2261,"Mohan","Sinha","mohan.sinha.1313@corp.io","Software Developer"
2262,"Neha","Prakash","neha.prakash.1314@corp.io","HR Specialist"
2263,"Omkar","Desai","omkar.desai.1315@corp.io","Financial Analyst"
2264,"Pooja","Chopra","pooja.chopra.1316@corp.io","Marketing Executive"
2265,"Rahul","Dubey","rahul.dubey.1317@corp.io","Business Analyst"
2266,"Sana","Malik","sana.malik.1318@corp.io","UX Designer"
2267,"Tarun","Nair","tarun.nair.1319@corp.io","DevOps Engineer"
2268,"Uma","Tiwari","uma.tiwari.1320@corp.io","Technical Writer"
2269,"Vivek","Bansal","vivek.bansal.1321@corp.io","Project Manager"
2270,"Warda","Ali","warda.ali.1322@corp.io","Data Scientist"
2271,"Xavier","Fernandes","xavier.fernandes.1323@corp.io","Software Developer"
2272,"Yashvi","Thakur","yashvi.thakur.1324@corp.io","HR Specialist"
2273,"Zubin","Kohli","zubin.kohli.1325@corp.io","Financial Analyst"
2274,"Anjali","Aggarwal","anjali.aggarwal.1326@corp.io","Marketing Executive"
2275,"Bharat","Goyal","bharat.goyal.1327@corp.io","Business Analyst"
2276,"Charu","Kulkarni","charu.kulkarni.1328@corp.io","UX Designer"
2277,"Deepak","Sood","deepak.sood.1329@corp.io","DevOps Engineer"
2278,"Erica","Dutta","erica.dutta.1330@corp.io","Technical Writer"
2279,"Farhan","Hussain","farhan.hussain.1331@corp.io","Project Manager"
2280,"Geeta","Mishra","geeta.mishra.1332@corp.io","Data Scientist"
2281,"Harsh","Pandey","harsh.pandey.1333@corp.io","Software Developer"
2282,"Indu","Saxena","indu.saxena.1334@corp.io","HR Specialist"
2283,"Jatin","Bhatia","jatin.bhatia.1335@corp.io","Financial Analyst"
2284,"Komal","Rawat","komal.rawat.1336@corp.io","Marketing Executive"
2285,"Lalit","Chauhan","lalit.chauhan.1337@corp.io","Business Analyst"
2286,"Meera","Shetty","meera.shetty.1338@corp.io","UX Designer"
2287,"Nitin","Vohra","nitin.vohra.1339@corp.io","DevOps Engineer"
2288,"Priya","Sengupta","priya.sengupta.1340@corp.io","Technical Writer"
2289,"Quadir","Alam","quadir.alam.1341@corp.io","Project Manager"
2290,"Ritu","Saxena","ritu.saxena.1342@corp.io","Data Scientist"
2291,"Samarth","Joshi","samarth.joshi.1343@corp.io","Software Developer"
2292,"Tina","Kapoor","tina.kapoor.1344@corp.io","HR Specialist"
2293,"Uday","Bose","uday.bose.1345@corp.io","Financial Analyst"
2294,"Vani","Murthy","vani.murthy.1346@corp.io","Marketing Executive"
2295,"Wasil","Ansari","wasil.ansari.1347@corp.io","Business Analyst"
2296,"Yamini","Gowda","yamini.gowda.1348@corp.io","UX Designer"
2297,"Zayed","Qureshi","zayed.qureshi.1349@corp.io","DevOps Engineer"
2298,"Anamika","Rai","anamika.rai.1350@corp.io","Technical Writer"
2299,"Bipin","Sahu","bipin.sahu.1351@corp.io","Project Manager"
2300,"Chandni","Verma","chandni.verma.1352@corp.io","Data Scientist"
2301,"Deepesh","Mishra","deepesh.mishra.1353@corp.io","Software Developer"
2302,"Esha","Dagar","esha.dagar.1354@corp.io","HR Specialist"
2303,"Firoz","Hussain","firoz.hussain.1355@corp.io","Financial Analyst"
2304,"Garima","Bisht","garima.bisht.1356@corp.io","Marketing Executive"
2305,"Hitesh","Negi","hitesh.negi.1357@corp.io","Business Analyst"
2306,"Ira","Pandey","ira.pandey.1358@corp.io","UX Designer"
2307,"Jugal","Chaudhary","jugal.chaudhary.1359@corp.io","DevOps Engineer"
2308,"Kavita","Rawat","kavita.rawat.1360@corp.io","Technical Writer"
2309,"Lokesh","Thakur","lokesh.thakur.1361@corp.io","Project Manager"
2310,"Mona","Biswas","mona.biswas.1362@corp.io","Data Scientist"
2311,"Naveen","Tyagi","naveen.tyagi.1363@corp.io","Software Developer"
2312,"Palak","Goel","palak.goel.1364@corp.io","HR Specialist"
2313,"Qasim","Zia","qasim.zia.1365@corp.io","Financial Analyst"
2314,"Rachana","Jha","rachana.jha.1366@corp.io","Marketing Executive"
2315,"Sandeep","Yadav","sandeep.yadav.1367@corp.io","Business Analyst"
2316,"Tanu","Bose","tanu.bose.1368@corp.io","UX Designer"
2317,"Umesh","Sood","umesh.sood.1369@corp.io","DevOps Engineer"
2318,"Veena","Shah","veena.shah.1370@corp.io","Technical Writer"
2319,"Wasim","Raza","wasim.raza.1371@corp.io","Project Manager"
2320,"Xena","Dutta","xena.dutta.1372@corp.io","Data Scientist"
2321,"Yusuf","Ali","yusuf.ali.1373@corp.io","Software Developer"
2322,"Zoya","Khan","zoya.khan.1374@corp.io","HR Specialist"
2323,"Aarav","Gupta","aarav.gupta.1375@corp.io","Financial Analyst"
2324,"Bela","Rana","bela.rana.1376@corp.io","Marketing Executive"
2325,"Chirag","Mehra","chirag.mehra.1377@corp.io","Business Analyst"
2326,"Drishti","Arora","drishti.arora.1378@corp.io","UX Designer"
2327,"Eklavya","Singh","eklavya.singh.1379@corp.io","DevOps Engineer"
2328,"Falak","Ansari","falak.ansari.1380@corp.io","Technical Writer"
2329,"Gagan","Saini","gagan.saini.1381@corp.io","Project Manager"
2330,"Harsha","Pande","harsha.pande.1382@corp.io","Data Scientist"
2331,"Irfan","Bhat","irfan.bhat.1383@corp.io","Software Developer"
2332,"Jheel","Chopra","jheel.chopra.1384@corp.io","HR Specialist"
2333,"Kunal","Walia","kunal.walia.1385@corp.io","Financial Analyst"
2334,"Latika","Garg","latika.garg.1386@corp.io","Marketing Executive"
2335,"Manav","Tiwari","manav.tiwari.1387@corp.io","Business Analyst"
2336,"Nisha","Joshi","nisha.joshi.1388@corp.io","UX Designer"
2337,"Pankaj","Rawal","pankaj.rawal.1389@corp.io","DevOps Engineer"
2338,"Queen","Yadav","queen.yadav.1390@corp.io","Technical Writer"
2339,"Rishi","Sharma","rishi.sharma.1391@corp.io","Project Manager"
2340,"Shruti","Verma","shruti.verma.1392@corp.io","Data Scientist"
2341,"Tanishq","Gupta","tanishq.gupta.1393@corp.io","Software Developer"
2342,"Urvashi","Singh","urvashi.singh.1394@corp.io","HR Specialist"
2343,"Vikas","Chauhan","vikas.chauhan.1395@corp.io","Financial Analyst"
2344,"Yuvika","Dutta","yuvika.dutta.1396@corp.io","Marketing Executive"
2345,"Zahir","Khan","zahir.khan.1397@corp.io","Business Analyst"
2346,"Ankita","Mishra","ankita.mishra.1398@corp.io","UX Designer"
2347,"Bhuvan","Pandey","bhuvan.pandey.1399@corp.io","DevOps Engineer"
2348,"Chhavi","Rao","chhavi.rao.1400@corp.io","Technical Writer"
2349,"Dilip","Purohit","dilip.purohit.1401@corp.io","Project Manager"
2350,"Elina","Rajput","elina.rajput.1402@corp.io","Data Scientist"
2351,"Farukh","Shaikh","farukh.shaikh.1403@corp.io","Software Developer"
2352,"Gauri","Saxena","gauri.saxena.1404@corp.io","HR Specialist"
2353,"Harshil","Solanki","harshil.solanki.1405@corp.io","Financial Analyst"
2354,"Inaya","Tandon","inaya.tandon.1406@corp.io","Marketing Executive"
2355,"Junaid","Vashist","junaid.vashist.1407@corp.io","Business Analyst"
2356,"Kavya","Wadhwa","kavya.wadhwa.1408@corp.io","UX Designer"
2357,"Lokesh","Agarwal","lokesh.agarwal.1409@corp.io","DevOps Engineer"
2358,"Megha","Bansal","megha.bansal.1410@corp.io","Technical Writer"
2359,"Nikhil","Chauhan","nikhil.chauhan.1411@corp.io","Project Manager"
2360,"Prisha","Deshpande","prisha.deshpande.1412@corp.io","Data Scientist"
2361,"Rohan","Gautam","rohan.gautam.1413@corp.io","Software Developer"
2362,"Siya","Hegde","siya.hegde.1414@corp.io","HR Specialist"
2363,"Tapan","Iyengar","tapan.iyengar.1415@corp.io","Financial Analyst"
2364,"Urmi","Kadam","urmi.kadam.1416@corp.io","Marketing Executive"
2365,"Vikas","Lal","vikas.lal.1417@corp.io","Business Analyst"
2366,"Yash","Menon","yash.menon.1418@corp.io","UX Designer"
2367,"Zeba","Nambiar","zeba.nambiar.1419@corp.io","DevOps Engineer"
2368,"Apoorv","Oberoi","apoorv.oberoi.1420@corp.io","Technical Writer"
2369,"Bunty","Parekh","bunty.parekh.1421@corp.io","Project Manager"
2370,"Chhavi","Rana","chhavi.rana.1422@corp.io","Data Scientist"
2371,"Dev","Shah","dev.shah.1423@corp.io","Software Developer"
2372,"Ekta","Trivedi","ekta.trivedi.1424@corp.io","HR Specialist"
2373,"Faiz","Uppal","faiz.uppal.1425@corp.io","Financial Analyst"
2374,"Gia","Vyas","gia.vyas.1426@corp.io","Marketing Executive"
2375,"Harshada","Wadhwa","harshada.wadhwa.1427@corp.io","Business Analyst"
2376,"Ira","Xavier","ira.xavier.1428@corp.io","UX Designer"
2377,"Jigar","Yadav","jigar.yadav.1429@corp.io","DevOps Engineer"
2378,"Kiran","Zutshi","kiran.zutshi.1430@corp.io","Technical Writer"
2379,"Leena","Advani","leena.advani.1431@corp.io","Project Manager"
2380,"Manik","Batra","manik.batra.1432@corp.io","Data Scientist"
2381,"Nidhi","Chadha","nidhi.chadha.1433@corp.io","Software Developer"
2382,"Ojas","DSouza","ojas.dsouza.1434@corp.io","HR Specialist"
2383,"Palak","Eshwar","palak.eshwar.1435@corp.io","Financial Analyst"
2384,"Qasim","Felix","qasim.felix.1436@corp.io","Marketing Executive"
2385,"Ria","George","ria.george.1437@corp.io","Business Analyst"
2386,"Sahil","Hebbar","sahil.hebbar.1438@corp.io","UX Designer"
2387,"Tara","Iyer","tara.iyer.1439@corp.io","DevOps Engineer"
2388,"Utsav","Jacob","utsav.jacob.1440@corp.io","Technical Writer"
2389,"Vishwa","Kini","vishwa.kini.1441@corp.io","Project Manager"
2390,"Wafa","Lobo","wafa.lobo.1442@corp.io","Data Scientist"
2391,"Yuvraj","Menon","yuvraj.menon.1443@corp.io","Software Developer"
2392,"Zahra","Nair","zahra.nair.1444@corp.io","HR Specialist"
2393,"Abhay","Ojha","abhay.ojha.1445@corp.io","Financial Analyst"
2394,"Bela","Patil","bela.patil.1446@corp.io","Marketing Executive"
2395,"Chirag","Rao","chirag.rao.1447@corp.io","Business Analyst"
2396,"Diya","Shet","diya.shet.1448@corp.io","UX Designer"
2397,"Eesha","Thomas","eesha.thomas.1449@corp.io","DevOps Engineer"
2398,"Fardeen","Varghese","fardeen.varghese.1450@corp.io","Technical Writer"
2399,"Gopal","Wagle","gopal.wagle.1451@corp.io","Project Manager"
2400,"Heena","Xavier","heena.xavier.1452@corp.io","Data Scientist"
2401,"Inder","Yadav","inder.yadav.1453@corp.io","Software Developer"
2402,"Jaanvi","Zaveri","jaanvi.zaveri.1454@corp.io","HR Specialist"
2403,"Kabin","Anand","kabin.anand.1455@corp.io","Financial Analyst"
2404,"Leher","Bhatt","leher.bhatt.1456@corp.io","Marketing Executive"
2405,"Mohit","Choksi","mohit.choksi.1457@corp.io","Business Analyst"
2406,"Nusrat","Dalal","nusrat.dalal.1458@corp.io","UX Designer"
2407,"Parth","Engineer","parth.engineer.1459@corp.io","DevOps Engineer"
2408,"Roshni","Gandhi","roshni.gandhi.1460@corp.io","Technical Writer"
2409,"Sameer","Jhaveri","sameer.jhaveri.1461@corp.io","Project Manager"
2410,"Tanish","Kothari","tanish.kothari.1462@corp.io","Data Scientist"
2411,"Urvi","Mehta","urvi.mehta.1463@corp.io","Software Developer"
2412,"Varun","Naik","varun.naik.1464@corp.io","HR Specialist"
2413,"Winston","Patel","winston.patel.1465@corp.io","Financial Analyst"
2414,"Xylo","Raval","xylo.raval.1466@corp.io","Marketing Executive"
2415,"Yashika","Shah","yashika.shah.1467@corp.io","Business Analyst"
2416,"Zaman","Trivedi","zaman.trivedi.1468@corp.io","UX Designer"
2417,"Aakriti","Vora","aakriti.vora.1469@corp.io","DevOps Engineer"
2418,"Brijesh","Wadia","brijesh.wadia.1470@corp.io","Technical Writer"
2419,"Chetna","Zala","chetna.zala.1471@corp.io","Project Manager"
2420,"Dhaval","Ajmera","dhaval.ajmera.1472@corp.io","Data Scientist"
2421,"Eshaal","Bhavsar","eshaal.bhavsar.1473@corp.io","Software Developer"
2422,"Fenil","Doshi","fenil.doshi.1474@corp.io","HR Specialist"
2423,"Gitanjali","Gala","gitanjali.gala.1475@corp.io","Financial Analyst"
2424,"Haren","Jain","haren.jain.1476@corp.io","Marketing Executive"
2425,"Ishita","Kansara","ishita.kansara.1477@corp.io","Business Analyst"
2426,"Jatin","Limbani","jatin.limbani.1478@corp.io","UX Designer"
2427,"Komal","Marfatia","komal.marfatia.1479@corp.io","DevOps Engineer"
2428,"Lehar","Navlakha","lehar.navlakha.1480@corp.io","Technical Writer"
2429,"Mihir","Oza","mihir.oza.1481@corp.io","Project Manager"
2430,"Nayan","Pandya","nayan.pandya.1482@corp.io","Data Scientist"
2431,"Oviya","Rana","oviya.rana.1483@corp.io","Software Developer"
2432,"Piyush","Sanghvi","piyush.sanghvi.1484@corp.io","HR Specialist"
2433,"Rashi","Sheth","rashi.sheth.1485@corp.io","Financial Analyst"
2434,"Saurav","Thakkar","saurav.thakkar.1486@corp.io","Marketing Executive"
2435,"Tejas","Upadhyay","tejas.upadhyay.1487@corp.io","Business Analyst"
2436,"Urvish","Vaghani","urvish.vaghani.1488@corp.io","UX Designer"
2437,"Vaidehi","Yagnik","vaidehi.yagnik.1489@corp.io","DevOps Engineer"
2438,"Yuv","Zaveri","yuv.zaveri.1490@corp.io","Technical Writer"
2439,"Zian","Acharya","zian.acharya.1491@corp.io","Project Manager"
2440,"Aarohi","Bhatt","aarohi.bhatt.1492@corp.io","Data Scientist"
2441,"Bhoomi","Dave","bhoomi.dave.1493@corp.io","Software Developer"
2442,"Chirayu","Gadhvi","chirayu.gadhvi.1494@corp.io","HR Specialist"
2443,"Devina","Jani","devina.jani.1495@corp.io","Financial Analyst"
2444,"Eklavya","Kadia","eklavya.kadia.1496@corp.io","Marketing Executive"
2445,"Falguni","Ladha","falguni.ladha.1497@corp.io","Business Analyst"
2446,"Girish","Mandaliya","girish.mandaliya.1498@corp.io","UX Designer"
2447,"Heli","Nayak","heli.nayak.1499@corp.io","DevOps Engineer"
2448,"Ishan","Panchal","ishan.panchal.1500@corp.io","Technical Writer"
2449,"Jiya","Rathod","jiya.rathod.1501@corp.io","Project Manager"
2450,"Kunal","Soni","kunal.soni.1502@corp.io","Data Scientist"
2451,"Lata","Thakkar","lata.thakkar.1503@corp.io","Software Developer"
2452,"Manav","Upadhyay","manav.upadhyay.1504@corp.io","HR Specialist"
2453,"Nisha","Vyas","nisha.vyas.1505@corp.io","Financial Analyst"
2454,"Omkar","Wadia","omkar.wadia.1506@corp.io","Marketing Executive"
2455,"Pari","Yagnik","pari.yagnik.1507@corp.io","Business Analyst"
2456,"Rajat","Zala","rajat.zala.1508@corp.io","UX Designer"
2457,"Sanya","Acharya","sanya.acharya.1509@corp.io","DevOps Engineer"
2458,"Tejas","Bhatt","tejas.bhatt.1510@corp.io","Technical Writer"
2459,"Urvashi","Dave","urvashi.dave.1511@corp.io","Project Manager"
2460,"Viren","Gadhvi","viren.gadhvi.1512@corp.io","Data Scientist"
2461,"Yuti","Jani","yuti.jani.1513@corp.io","Software Developer"
2462,"Zain","Kadia","zain.kadia.1514@corp.io","HR Specialist"
2463,"Aarti","Ladha","aarti.ladha.1515@corp.io","Financial Analyst"
2464,"Bhavik","Mandaliya","bhavik.mandaliya.1516@corp.io","Marketing Executive"
2465,"Charmi","Nayak","charmi.nayak.1517@corp.io","Business Analyst"
2466,"Deep","Panchal","deep.panchal.1518@corp.io","UX Designer"
2467,"Esha","Rathod","esha.rathod.1519@corp.io","DevOps Engineer"
2468,"Farhad","Soni","farhad.soni.1520@corp.io","Technical Writer"
2469,"Geeta","Thakkar","geeta.thakkar.1521@corp.io","Project Manager"
2470,"Hiren","Upadhyay","hiren.upadhyay.1522@corp.io","Data Scientist"
2471,"Indu","Vyas","indu.vyas.1523@corp.io","Software Developer"
2472,"Janki","Wadia","janki.wadia.1524@corp.io","HR Specialist"
2473,"Kartik","Yagnik","kartik.yagnik.1525@corp.io","Financial Analyst"
2474,"Lina","Zala","lina.zala.1526@corp.io","Marketing Executive"
2475,"Milan","Acharya","milan.acharya.1527@corp.io","Business Analyst"
2476,"Nupur","Bhatt","nupur.bhatt.1528@corp.io","UX Designer"
2477,"Om","Dave","om.dave.1529@corp.io","DevOps Engineer"
2478,"Pooja","Gadhvi","pooja.gadhvi.1530@corp.io","Technical Writer"
2479,"Ramesh","Jani","ramesh.jani.1531@corp.io","Project Manager"
2480,"Siddhi","Kadia","siddhi.kadia.1532@corp.io","Data Scientist"
2481,"Tarun","Ladha","tarun.ladha.1533@corp.io","Software Developer"
2482,"Ujwal","Mandaliya","ujwal.mandaliya.1534@corp.io","HR Specialist"
2483,"Vibha","Nayak","vibha.nayak.1535@corp.io","Financial Analyst"
2484,"Waman","Panchal","waman.panchal.1536@corp.io","Marketing Executive"
2485,"Yashasvi","Rathod","yashasvi.rathod.1537@corp.io","Business Analyst"
2486,"Zehra","Soni","zehra.soni.1538@corp.io","UX Designer"
2487,"Ankit","Thakkar","ankit.thakkar.1539@corp.io","DevOps Engineer"
2488,"Binal","Upadhyay","binal.upadhyay.1540@corp.io","Technical Writer"
2489,"Chakri","Vyas","chakri.vyas.1541@corp.io","Project Manager"
2490,"Disha","Wadia","disha.wadia.1542@corp.io","Data Scientist"
2491,"Eklavya","Yagnik","eklavya.yagnik.1543@corp.io","Software Developer"
2492,"Falguni","Zala","falguni.zala.1544@corp.io","HR Specialist"
2493,"Gaurav","Acharya","gaurav.acharya.1545@corp.io","Financial Analyst"
2494,"Heer","Bhatt","heer.bhatt.1546@corp.io","Marketing Executive"
2495,"Ishan","Dave","ishan.dave.1547@corp.io","Business Analyst"
2496,"Jiya","Gadhvi","jiya.gadhvi.1548@corp.io","UX Designer"
2497,"Komal","Jani","komal.jani.1549@corp.io","DevOps Engineer"
2498,"Lalit","Kadia","lalit.kadia.1550@corp.io","Technical Writer"
2499,"Meera","Ladha","meera.ladha.1551@corp.io","Project Manager"
2500,"Nitin","Mandaliya","nitin.mandaliya.1552@corp.io","Data Scientist"
2501,"Oma","Nayak","oma.nayak.1553@corp.io","Software Developer"
2502,"Parag","Panchal","parag.panchal.1554@corp.io","HR Specialist"
2503,"Riddhi","Rathod","riddhi.rathod.1555@corp.io","Financial Analyst"
2504,"Samarth","Soni","samarth.soni.1556@corp.io","Marketing Executive"
2505,"Tanvi","Thakkar","tanvi.thakkar.1557@corp.io","Business Analyst"
2506,"Ujwal","Upadhyay","ujwal.upadhyay.1558@corp.io","UX Designer"
2507,"Vijay","Vyas","vijay.vyas.1559@corp.io","DevOps Engineer"
2508,"Yash","Wadia","yash.wadia.1560@corp.io","Technical Writer"
2509,"Zainab","Yagnik","zainab.yagnik.1561@corp.io","Project Manager"
2510,"Alka","Zala","alka.zala.1562@corp.io","Data Scientist"
2511,"Bhavesh","Acharya","bhavesh.acharya.1563@corp.io","Software Developer"
2512,"Chandani","Bhatt","chandani.bhatt.1564@corp.io","HR Specialist"
2513,"Deepak","Dave","deepak.dave.1565@corp.io","Financial Analyst"
2514,"Ekta","Gadhvi","ekta.gadhvi.1566@corp.io","Marketing Executive"
2515,"Firoz","Jani","firoz.jani.1567@corp.io","Business Analyst"
2516,"Gita","Kadia","gita.kadia.1568@corp.io","UX Designer"
2517,"Harsh","Ladha","harsh.ladha.1569@corp.io","DevOps Engineer"
2518,"Ishika","Mandaliya","ishika.mandaliya.1570@corp.io","Technical Writer"
2519,"Jigar","Nayak","jigar.nayak.1571@corp.io","Project Manager"
2520,"Kajal","Panchal","kajal.panchal.1572@corp.io","Data Scientist"
2521,"Laxman","Rathod","laxman.rathod.1573@corp.io","Software Developer"
2522,"Mohini","Soni","mohini.soni.1574@corp.io","HR Specialist"
2523,"Naveen","Thakkar","naveen.thakkar.1575@corp.io","Financial Analyst"
2524,"Priti","Upadhyay","priti.upadhyay.1576@corp.io","Marketing Executive"
2525,"Rajiv","Vyas","rajiv.vyas.1577@corp.io","Business Analyst"
2526,"Simran","Wadia","simran.wadia.1578@corp.io","UX Designer"
2527,"Tarun","Yagnik","tarun.yagnik.1579@corp.io","DevOps Engineer"
2528,"Usha","Zala","usha.zala.1580@corp.io","Technical Writer"
2529,"Vikas","Acharya","vikas.acharya.1581@corp.io","Project Manager"
2530,"Waseem","Bhatt","waseem.bhatt.1582@corp.io","Data Scientist"
2531,"Yogesh","Dave","yogesh.dave.1583@corp.io","Software Developer"
2532,"Zeenat","Gadhvi","zeenat.gadhvi.1584@corp.io","HR Specialist"
2533,"Apoorva","Jani","apoorva.jani.1585@corp.io","Financial Analyst"
2534,"Bansi","Kadia","bansi.kadia.1586@corp.io","Marketing Executive"
2535,"Chirag","Ladha","chirag.ladha.1587@corp.io","Business Analyst"
2536,"Devanshi","Mandaliya","devanshi.mandaliya.1588@corp.io","UX Designer"
2537,"Eshita","Nayak","eshita.nayak.1589@corp.io","DevOps Engineer"
2538,"Farukh","Panchal","farukh.panchal.1590@corp.io","Technical Writer"
2539,"Gargi","Rathod","gargi.rathod.1591@corp.io","Project Manager"
2540,"Hiten","Soni","hiten.soni.1592@corp.io","Data Scientist"
2541,"Isha","Thakkar","isha.thakkar.1593@corp.io","Software Developer"
2542,"Jatin","Upadhyay","jatin.upadhyay.1594@corp.io","HR Specialist"
2543,"Kiran","Vyas","kiran.vyas.1595@corp.io","Financial Analyst"
2544,"Lokesh","Wadia","lokesh.wadia.1596@corp.io","Marketing Executive"
2545,"Mansi","Yagnik","mansi.yagnik.1597@corp.io","Business Analyst"
2546,"Nikhil","Zala","nikhil.zala.1598@corp.io","UX Designer"
2547,"Ojas","Acharya","ojas.acharya.1599@corp.io","DevOps Engineer"
2548,"Pooja","Bhatt","pooja.bhatt.1600@corp.io","Technical Writer"
2549,"Quadir","Dave","quadir.dave.1601@corp.io","Project Manager"
2550,"Rashi","Gadhvi","rashi.gadhvi.1602@corp.io","Data Scientist"
2551,"Sahil","Jani","sahil.jani.1603@corp.io","Software Developer"
2552,"Tanisha","Kadia","tanisha.kadia.1604@corp.io","HR Specialist"
2553,"Udit","Ladha","udit.ladha.1605@corp.io","Financial Analyst"
2554,"Vanya","Mandaliya","vanya.mandaliya.1606@corp.io","Marketing Executive"
2555,"Waseem","Nayak","waseem.nayak.1607@corp.io","Business Analyst"
2556,"Xenia","Panchal","xenia.panchal.1608@corp.io","UX Designer"
2557,"Yuvraj","Rathod","yuvraj.rathod.1609@corp.io","DevOps Engineer"
2558,"Zara","Soni","zara.soni.1610@corp.io","Technical Writer"
2559,"Aditya","Thakkar","aditya.thakkar.1611@corp.io","Project Manager"
2560,"Bhumika","Upadhyay","bhumika.upadhyay.1612@corp.io","Data Scientist"
2561,"Chetan","Vyas","chetan.vyas.1613@corp.io","Software Developer"
2562,"Divya","Wadia","divya.wadia.1614@corp.io","HR Specialist"
2563,"Eshaan","Yagnik","eshaan.yagnik.1615@corp.io","Financial Analyst"
2564,"Fatima","Zala","fatima.zala.1616@corp.io","Marketing Executive"
2565,"Gaurav","Acharya","gaurav.acharya.1617@corp.io","Business Analyst"
2566,"Hina","Bhatt","hina.bhatt.1618@corp.io","UX Designer"
2567,"Ishan","Dave","ishan.dave.1619@corp.io","DevOps Engineer"
2568,"Jiya","Gadhvi","jiya.gadhvi.1620@corp.io","Technical Writer"
2569,"Karan","Jani","karan.jani.1621@corp.io","Project Manager"
2570,"Lata","Kadia","lata.kadia.1622@corp.io","Data Scientist"
2571,"Mohan","Ladha","mohan.ladha.1623@corp.io","Software Developer"
2572,"Neha","Mandaliya","neha.mandaliya.1624@corp.io","HR Specialist"
2573,"Omkar","Nayak","omkar.nayak.1625@corp.io","Financial Analyst"
2574,"Pooja","Panchal","pooja.panchal.1626@corp.io","Marketing Executive"
2575,"Rahul","Rathod","rahul.rathod.1627@corp.io","Business Analyst"
2576,"Sana","Soni","sana.soni.1628@corp.io","UX Designer"
2577,"Tarun","Thakkar","tarun.thakkar.1629@corp.io","DevOps Engineer"
2578,"Uma","Upadhyay","uma.upadhyay.1630@corp.io","Technical Writer"
2579,"Vivek","Vyas","vivek.vyas.1631@corp.io","Project Manager"
2580,"Warda","Wadia","warda.wadia.1632@corp.io","Data Scientist"
2581,"Xavier","Yagnik","xavier.yagnik.1633@corp.io","Software Developer"
2582,"Yashvi","Zala","yashvi.zala.1634@corp.io","HR Specialist"
2583,"Zubin","Acharya","zubin.acharya.1635@corp.io","Financial Analyst"
2584,"Anjali","Bhatt","anjali.bhatt.1636@corp.io","Marketing Executive"
2585,"Bharat","Dave","bharat.dave.1637@corp.io","Business Analyst"
2586,"Charu","Gadhvi","charu.gadhvi.1638@corp.io","UX Designer"
2587,"Deepak","Jani","deepak.jani.1639@corp.io","DevOps Engineer"
2588,"Erica","Kadia","erica.kadia.1640@corp.io","Technical Writer"
2589,"Farhan","Ladha","farhan.ladha.1641@corp.io","Project Manager"
2590,"Geeta","Mandaliya","geeta.mandaliya.1642@corp.io","Data Scientist"
2591,"Harsh","Nayak","harsh.nayak.1643@corp.io","Software Developer"
2592,"Indu","Panchal","indu.panchal.1644@corp.io","HR Specialist"
2593,"Jatin","Rathod","jatin.rathod.1645@corp.io","Financial Analyst"
2594,"Komal","Soni","komal.soni.1646@corp.io","Marketing Executive"
2595,"Lalit","Thakkar","lalit.thakkar.1647@corp.io","Business Analyst"
2596,"Meera","Upadhyay","meera.upadhyay.1648@corp.io","UX Designer"
2597,"Nitin","Vyas","nitin.vyas.1649@corp.io","DevOps Engineer"
2598,"Priya","Wadia","priya.wadia.1650@corp.io","Technical Writer"
2599,"Quadir","Yagnik","quadir.yagnik.1651@corp.io","Project Manager"
2600,"Ritu","Zala","ritu.zala.1652@corp.io","Data Scientist"
2601,"Samarth","Acharya","samarth.acharya.1653@corp.io","Software Developer"
2602,"Tina","Bhatt","tina.bhatt.1654@corp.io","HR Specialist"
2603,"Uday","Dave","uday.dave.1655@corp.io","Financial Analyst"
2604,"Vani","Gadhvi","vani.gadhvi.1656@corp.io","Marketing Executive"
2605,"Wasil","Jani","wasil.jani.1657@corp.io","Business Analyst"
2606,"Yamini","Kadia","yamini.kadia.1658@corp.io","UX Designer"
2607,"Zayed","Ladha","zayed.ladha.1659@corp.io","DevOps Engineer"
2608,"Anamika","Mandaliya","anamika.mandaliya.1660@corp.io","Technical Writer"
2609,"Bipin","Nayak","bipin.nayak.1661@corp.io","Project Manager"
2610,"Chandni","Panchal","chandni.panchal.1662@corp.io","Data Scientist"
2611,"Deepesh","Rathod","deepesh.rathod.1663@corp.io","Software Developer"
2612,"Esha","Soni","esha.soni.1664@corp.io","HR Specialist"
2613,"Firoz","Thakkar","firoz.thakkar.1665@corp.io","Financial Analyst"
2614,"Garima","Upadhyay","garima.upadhyay.1666@corp.io","Marketing Executive"
2615,"Hitesh","Vyas","hitesh.vyas.1667@corp.io","Business Analyst"
2616,"Ira","Wadia","ira.wadia.1668@corp.io","UX Designer"
2617,"Jugal","Yagnik","jugal.yagnik.1669@corp.io","DevOps Engineer"
2618,"Kavita","Zala","kavita.zala.1670@corp.io","Technical Writer"
2619,"Lokesh","Acharya","lokesh.acharya.1671@corp.io","Project Manager"
2620,"Mona","Bhatt","mona.bhatt.1672@corp.io","Data Scientist"
2621,"Naveen","Dave","naveen.dave.1673@corp.io","Software Developer"
2622,"Palak","Gadhvi","palak.gadhvi.1674@corp.io","HR Specialist"
2623,"Qasim","Jani","qasim.jani.1675@corp.io","Financial Analyst"
2624,"Rachana","Kadia","rachana.kadia.1676@corp.io","Marketing Executive"
2625,"Sandeep","Ladha","sandeep.ladha.1677@corp.io","Business Analyst"
2626,"Tanu","Mandaliya","tanu.mandaliya.1678@corp.io","UX Designer"
2627,"Umesh","Nayak","umesh.nayak.1679@corp.io","DevOps Engineer"
2628,"Veena","Panchal","veena.panchal.1680@corp.io","Technical Writer"
2629,"Wasim","Rathod","wasim.rathod.1681@corp.io","Project Manager"
2630,"Xena","Soni","xena.soni.1682@corp.io","Data Scientist"
2631,"Yusuf","Thakkar","yusuf.thakkar.1683@corp.io","Software Developer"
2632,"Zoya","Upadhyay","zoya.upadhyay.1684@corp.io","HR Specialist"
2633,"Aarav","Vyas","aarav.vyas.1685@corp.io","Financial Analyst"
2634,"Bela","Wadia","bela.wadia.1686@corp.io","Marketing Executive"
2635,"Chirag","Yagnik","chirag.yagnik.1687@corp.io","Business Analyst"
2636,"Drishti","Zala","drishti.zala.1688@corp.io","UX Designer"
2637,"Eklavya","Acharya","eklavya.acharya.1689@corp.io","DevOps Engineer"
2638,"Falak","Bhatt","falak.bhatt.1690@corp.io","Technical Writer"
2639,"Gagan","Dave","gagan.dave.1691@corp.io","Project Manager"
2640,"Harsha","Gadhvi","harsha.gadhvi.1692@corp.io","Data Scientist"
2641,"Irfan","Jani","irfan.jani.1693@corp.io","Software Developer"
2642,"Jheel","Kadia","jheel.kadia.1694@corp.io","HR Specialist"
2643,"Kunal","Ladha","kunal.ladha.1695@corp.io","Financial Analyst"
2644,"Latika","Mandaliya","latika.mandaliya.1696@corp.io","Marketing Executive"
2645,"Manav","Nayak","manav.nayak.1697@corp.io","Business Analyst"
2646,"Nisha","Panchal","nisha.panchal.1698@corp.io","UX Designer"
2647,"Pankaj","Rathod","pankaj.rathod.1699@corp.io","DevOps Engineer"
2648,"Queen","Soni","queen.soni.1700@corp.io","Technical Writer"
2649,"Rishi","Thakkar","rishi.thakkar.1701@corp.io","Project Manager"
2650,"Shruti","Upadhyay","shruti.upadhyay.1702@corp.io","Data Scientist"
2651,"Tanishq","Vyas","tanishq.vyas.1703@corp.io","Software Developer"
2652,"Urvashi","Wadia","urvashi.wadia.1704@corp.io","HR Specialist"
2653,"Vikas","Yagnik","vikas.yagnik.1705@corp.io","Financial Analyst"
2654,"Yuvika","Zala","yuvika.zala.1706@corp.io","Marketing Executive"
2655,"Zahir","Acharya","zahir.acharya.1707@corp.io","Business Analyst"
2656,"Ankita","Bhatt","ankita.bhatt.1708@corp.io","UX Designer"
2657,"Bhuvan","Dave","bhuvan.dave.1709@corp.io","DevOps Engineer"
2658,"Chhavi","Gadhvi","chhavi.gadhvi.1710@corp.io","Technical Writer"
2659,"Dilip","Jani","dilip.jani.1711@corp.io","Project Manager"
2660,"Elina","Kadia","elina.kadia.1712@corp.io","Data Scientist"
2661,"Farukh","Ladha","farukh.ladha.1713@corp.io","Software Developer"
2662,"Gauri","Mandaliya","gauri.mandaliya.1714@corp.io","HR Specialist"
2663,"Harshil","Nayak","harshil.nayak.1715@corp.io","Financial Analyst"
2664,"Inaya","Panchal","inaya.panchal.1716@corp.io","Marketing Executive"
2665,"Junaid","Rathod","junaid.rathod.1717@corp.io","Business Analyst"
2666,"Kavya","Soni","kavya.soni.1718@corp.io","UX Designer"
2667,"Lokesh","Thakkar","lokesh.thakkar.1719@corp.io","DevOps Engineer"
2668,"Megha","Upadhyay","megha.upadhyay.1720@corp.io","Technical Writer"
2669,"Nikhil","Vyas","nikhil.vyas.1721@corp.io","Project Manager"
2670,"Prisha","Wadia","prisha.wadia.1722@corp.io","Data Scientist"
2671,"Rohan","Yagnik","rohan.yagnik.1723@corp.io","Software Developer"
2672,"Siya","Zala","siya.zala.1724@corp.io","HR Specialist"
2673,"Tapan","Acharya","tapan.acharya.1725@corp.io","Financial Analyst"
2674,"Urmi","Bhatt","urmi.bhatt.1726@corp.io","Marketing Executive"
2675,"Vikas","Dave","vikas.dave.1727@corp.io","Business Analyst"
2676,"Yash","Gadhvi","yash.gadhvi.1728@corp.io","UX Designer"
2677,"Zeba","Jani","zeba.jani.1729@corp.io","DevOps Engineer"
2678,"Apoorv","Kadia","apoorv.kadia.1730@corp.io","Technical Writer"
2679,"Bunty","Ladha","bunty.ladha.1731@corp.io","Project Manager"
2680,"Chhavi","Mandaliya","chhavi.mandaliya.1732@corp.io","Data Scientist"
2681,"Dev","Nayak","dev.nayak.1733@corp.io","Software Developer"
2682,"Ekta","Panchal","ekta.panchal.1734@corp.io","HR Specialist"
2683,"Faiz","Rathod","faiz.rathod.1735@corp.io","Financial Analyst"
2684,"Gia","Soni","gia.soni.1736@corp.io","Marketing Executive"
2685,"Harshada","Thakkar","harshada.thakkar.1737@corp.io","Business Analyst"
2686,"Ira","Upadhyay","ira.upadhyay.1738@corp.io","UX Designer"
2687,"Jigar","Vyas","jigar.vyas.1739@corp.io","DevOps Engineer"
2688,"Kiran","Wadia","kiran.wadia.1740@corp.io","Technical Writer"
2689,"Leena","Yagnik","leena.yagnik.1741@corp.io","Project Manager"
2690,"Manik","Zala","manik.zala.1742@corp.io","Data Scientist"
2691,"Nidhi","Acharya","nidhi.acharya.1743@corp.io","Software Developer"
2692,"Ojas","Bhatt","ojas.bhatt.1744@corp.io","HR Specialist"
2693,"Palak","Dave","palak.dave.1745@corp.io","Financial Analyst"
2694,"Qasim","Gadhvi","qasim.gadhvi.1746@corp.io","Marketing Executive"
2695,"Ria","Jani","ria.jani.1747@corp.io","Business Analyst"
2696,"Sahil","Kadia","sahil.kadia.1748@corp.io","UX Designer"
2697,"Tara","Ladha","tara.ladha.1749@corp.io","DevOps Engineer"
2698,"Utsav","Mandaliya","utsav.mandaliya.1750@corp.io","Technical Writer"
2699,"Vishwa","Nayak","vishwa.nayak.1751@corp.io","Project Manager"
2700,"Wafa","Panchal","wafa.panchal.1752@corp.io","Data Scientist"
2701,"Yuvraj","Rathod","yuvraj.rathod.1753@corp.io","Software Developer"
2702,"Zahra","Soni","zahra.soni.1754@corp.io","HR Specialist"
2703,"Abhay","Thakkar","abhay.thakkar.1755@corp.io","Financial Analyst"
2704,"Bela","Upadhyay","bela.upadhyay.1756@corp.io","Marketing Executive"
2705,"Chirag","Vyas","chirag.vyas.1757@corp.io","Business Analyst"
2706,"Diya","Wadia","diya.wadia.1758@corp.io","UX Designer"
2707,"Eesha","Yagnik","eesha.yagnik.1759@corp.io","DevOps Engineer"
2708,"Fardeen","Zala","fardeen.zala.1760@corp.io","Technical Writer"
2709,"Gopal","Acharya","gopal.acharya.1761@corp.io","Project Manager"
2710,"Heena","Bhatt","heena.bhatt.1762@corp.io","Data Scientist"
2711,"Inder","Dave","inder.dave.1763@corp.io","Software Developer"
2712,"Jaanvi","Gadhvi","jaanvi.gadhvi.1764@corp.io","HR Specialist"
2713,"Kabin","Jani","kabin.jani.1765@corp.io","Financial Analyst"
2714,"Leher","Kadia","leher.kadia.1766@corp.io","Marketing Executive"
2715,"Mohit","Ladha","mohit.ladha.1767@corp.io","Business Analyst"
2716,"Nusrat","Mandaliya","nusrat.mandaliya.1768@corp.io","UX Designer"
2717,"Parth","Nayak","parth.nayak.1769@corp.io","DevOps Engineer"
2718,"Roshni","Panchal","roshni.panchal.1770@corp.io","Technical Writer"
2719,"Sameer","Rathod","sameer.rathod.1771@corp.io","Project Manager"
2720,"Tanish","Soni","tanish.soni.1772@corp.io","Data Scientist"
2721,"Urvi","Thakkar","urvi.thakkar.1773@corp.io","Software Developer"
2722,"Varun","Upadhyay","varun.upadhyay.1774@corp.io","HR Specialist"
2723,"Winston","Vyas","winston.vyas.1775@corp.io","Financial Analyst"
2724,"Xylo","Wadia","xylo.wadia.1776@corp.io","Marketing Executive"
2725,"Yashika","Yagnik","yashika.yagnik.1777@corp.io","Business Analyst"
2726,"Zaman","Zala","zaman.zala.1778@corp.io","UX Designer"
2727,"Aakriti","Acharya","aakriti.acharya.1779@corp.io","DevOps Engineer"
2728,"Brijesh","Bhatt","brijesh.bhatt.1780@corp.io","Technical Writer"
2729,"Chetna","Dave","chetna.dave.1781@corp.io","Project Manager"
2730,"Dhaval","Gadhvi","dhaval.gadhvi.1782@corp.io","Data Scientist"
2731,"Eshaal","Jani","eshaal.jani.1783@corp.io","Software Developer"
2732,"Fenil","Kadia","fenil.kadia.1784@corp.io","HR Specialist"
2733,"Gitanjali","Ladha","gitanjali.ladha.1785@corp.io","Financial Analyst"
2734,"Haren","Mandaliya","haren.mandaliya.1786@corp.io","Marketing Executive"
2735,"Ishita","Nayak","ishita.nayak.1787@corp.io","Business Analyst"
2736,"Jatin","Panchal","jatin.panchal.1788@corp.io","UX Designer"
2737,"Komal","Rathod","komal.rathod.1789@corp.io","DevOps Engineer"
2738,"Lehar","Soni","lehar.soni.1790@corp.io","Technical Writer"
2739,"Mihir","Thakkar","mihir.thakkar.1791@corp.io","Project Manager"
2740,"Nayan","Upadhyay","nayan.upadhyay.1792@corp.io","Data Scientist"
2741,"Oviya","Vyas","oviya.vyas.1793@corp.io","Software Developer"
2742,"Piyush","Wadia","piyush.wadia.1794@corp.io","HR Specialist"
2743,"Rashi","Yagnik","rashi.yagnik.1795@corp.io","Financial Analyst"
2744,"Saurav","Zala","saurav.zala.1796@corp.io","Marketing Executive"
2745,"Tejas","Acharya","tejas.acharya.1797@corp.io","Business Analyst"
2746,"Urvish","Bhatt","urvish.bhatt.1798@corp.io","UX Designer"
2747,"Vaidehi","Dave","vaidehi.dave.1799@corp.io","DevOps Engineer"
2748,"Yuv","Gadhvi","yuv.gadhvi.1800@corp.io","Technical Writer"
2749,"Zian","Jani","zian.jani.1801@corp.io","Project Manager"
2750,"Aarohi","Kadia","aarohi.kadia.1802@corp.io","Data Scientist"
2751,"Bhoomi","Ladha","bhoomi.ladha.1803@corp.io","Software Developer"
2752,"Chirayu","Mandaliya","chirayu.mandaliya.1804@corp.io","HR Specialist"
2753,"Devina","Nayak","devina.nayak.1805@corp.io","Financial Analyst"
2754,"Eklavya","Panchal","eklavya.panchal.1806@corp.io","Marketing Executive"
2755,"Falguni","Rathod","falguni.rathod.1807@corp.io","Business Analyst"
2756,"Girish","Soni","girish.soni.1808@corp.io","UX Designer"
2757,"Heli","Thakkar","heli.thakkar.1809@corp.io","DevOps Engineer"
2758,"Ishan","Upadhyay","ishan.upadhyay.1810@corp.io","Technical Writer"
2759,"Jiya","Vyas","jiya.vyas.1811@corp.io","Project Manager"
2760,"Kunal","Wadia","kunal.wadia.1812@corp.io","Data Scientist"
2761,"Lata","Yagnik","lata.yagnik.1813@corp.io","Software Developer"
2762,"Manav","Zala","manav.zala.1814@corp.io","HR Specialist"
2763,"Nisha","Acharya","nisha.acharya.1815@corp.io","Financial Analyst"
2764,"Omkar","Bhatt","omkar.bhatt.1816@corp.io","Marketing Executive"
2765,"Pari","Dave","pari.dave.1817@corp.io","Business Analyst"
2766,"Rajat","Gadhvi","rajat.gadhvi.1818@corp.io","UX Designer"
2767,"Sanya","Jani","sanya.jani.1819@corp.io","DevOps Engineer"
2768,"Tejas","Kadia","tejas.kadia.1820@corp.io","Technical Writer"
2769,"Urvashi","Ladha","urvashi.ladha.1821@corp.io","Project Manager"
2770,"Viren","Mandaliya","viren.mandaliya.1822@corp.io","Data Scientist"
2771,"Yuti","Nayak","yuti.nayak.1823@corp.io","Software Developer"
2772,"Zain","Panchal","zain.panchal.1824@corp.io","HR Specialist"
2773,"Aarti","Rathod","aarti.rathod.1825@corp.io","Financial Analyst"
2774,"Bhavik","Soni","bhavik.soni.1826@corp.io","Marketing Executive"
2775,"Charmi","Thakkar","charmi.thakkar.1827@corp.io","Business Analyst"
2776,"Deep","Upadhyay","deep.upadhyay.1828@corp.io","UX Designer"
2777,"Esha","Vyas","esha.vyas.1829@corp.io","DevOps Engineer"
2778,"Farhad","Wadia","farhad.wadia.1830@corp.io","Technical Writer"
2779,"Geeta","Yagnik","geeta.yagnik.1831@corp.io","Project Manager"
2780,"Hiren","Zala","hiren.zala.1832@corp.io","Data Scientist"
2781,"Indu","Acharya","indu.acharya.1833@corp.io","Software Developer"
2782,"Janki","Bhatt","janki.bhatt.1834@corp.io","HR Specialist"
2783,"Kartik","Dave","kartik.dave.1835@corp.io","Financial Analyst"
2784,"Lina","Gadhvi","lina.gadhvi.1836@corp.io","Marketing Executive"
2785,"Milan","Jani","milan.jani.1837@corp.io","Business Analyst"
2786,"Nupur","Kadia","nupur.kadia.1838@corp.io","UX Designer"
2787,"Om","Ladha","om.ladha.1839@corp.io","DevOps Engineer"
2788,"Pooja","Mandaliya","pooja.mandaliya.1840@corp.io","Technical Writer"
2789,"Ramesh","Nayak","ramesh.nayak.1841@corp.io","Project Manager"
2790,"Siddhi","Panchal","siddhi.panchal.1842@corp.io","Data Scientist"
2791,"Tarun","Rathod","tarun.rathod.1843@corp.io","Software Developer"
2792,"Ujwal","Soni","ujwal.soni.1844@corp.io","HR Specialist"
2793,"Vibha","Thakkar","vibha.thakkar.1845@corp.io","Financial Analyst"
2794,"Waman","Upadhyay","waman.upadhyay.1846@corp.io","Marketing Executive"
2795,"Yashasvi","Vyas","yashasvi.vyas.1847@corp.io","Business Analyst"
2796,"Zehra","Wadia","zehra.wadia.1848@corp.io","UX Designer"
2797,"Ankit","Yagnik","ankit.yagnik.1849@corp.io","DevOps Engineer"
2798,"Binal","Zala","binal.zala.1850@corp.io","Technical Writer"
2799,"Chakri","Acharya","chakri.acharya.1851@corp.io","Project Manager"
2800,"Disha","Bhatt","disha.bhatt.1852@corp.io","Data Scientist"
2801,"Eklavya","Dave","eklavya.dave.1853@corp.io","Software Developer"
2802,"Falguni","Gadhvi","falguni.gadhvi.1854@corp.io","HR Specialist"
2803,"Gaurav","Jani","gaurav.jani.1855@corp.io","Financial Analyst"
2804,"Heer","Kadia","heer.kadia.1856@corp.io","Marketing Executive"
2805,"Ishan","Ladha","ishan.ladha.1857@corp.io","Business Analyst"
2806,"Jiya","Mandaliya","jiya.mandaliya.1858@corp.io","UX Designer"
2807,"Komal","Nayak","komal.nayak.1859@corp.io","DevOps Engineer"
2808,"Lalit","Panchal","lalit.panchal.1860@corp.io","Technical Writer"
2809,"Meera","Rathod","meera.rathod.1861@corp.io","Project Manager"
2810,"Nitin","Soni","nitin.soni.1862@corp.io","Data Scientist"
2811,"Oma","Thakkar","oma.thakkar.1863@corp.io","Software Developer"
2812,"Parag","Upadhyay","parag.upadhyay.1864@corp.io","HR Specialist"
2813,"Riddhi","Vyas","riddhi.vyas.1865@corp.io","Financial Analyst"
2814,"Samarth","Wadia","samarth.wadia.1866@corp.io","Marketing Executive"
2815,"Tanvi","Yagnik","tanvi.yagnik.1867@corp.io","Business Analyst"
2816,"Ujwal","Zala","ujwal.zala.1868@corp.io","UX Designer"
2817,"Vijay","Acharya","vijay.acharya.1869@corp.io","DevOps Engineer"
2818,"Yash","Bhatt","yash.bhatt.1870@corp.io","Technical Writer"
2819,"Zainab","Dave","zainab.dave.1871@corp.io","Project Manager"
2820,"Alka","Gadhvi","alka.gadhvi.1872@corp.io","Data Scientist"
2821,"Bhavesh","Jani","bhavesh.jani.1873@corp.io","Software Developer"
2822,"Chandani","Kadia","chandani.kadia.1874@corp.io","HR Specialist"
2823,"Deepak","Ladha","deepak.ladha.1875@corp.io","Financial Analyst"
2824,"Ekta","Mandaliya","ekta.mandaliya.1876@corp.io","Marketing Executive"
2825,"Firoz","Nayak","firoz.nayak.1877@corp.io","Business Analyst"
2826,"Gita","Panchal","gita.panchal.1878@corp.io","UX Designer"
2827,"Harsh","Rathod","harsh.rathod.1879@corp.io","DevOps Engineer"
2828,"Ishika","Soni","ishika.soni.1880@corp.io","Technical Writer"
2829,"Jigar","Thakkar","jigar.thakkar.1881@corp.io","Project Manager"
2830,"Kajal","Upadhyay","kajal.upadhyay.1882@corp.io","Data Scientist"
2831,"Laxman","Vyas","laxman.vyas.1883@corp.io","Software Developer"
2832,"Mohini","Wadia","mohini.wadia.1884@corp.io","HR Specialist"
2833,"Naveen","Yagnik","naveen.yagnik.1885@corp.io","Financial Analyst"
2834,"Priti","Zala","priti.zala.1886@corp.io","Marketing Executive"
2835,"Rajiv","Acharya","rajiv.acharya.1887@corp.io","Business Analyst"
2836,"Simran","Bhatt","simran.bhatt.1888@corp.io","UX Designer"
2837,"Tarun","Dave","tarun.dave.1889@corp.io","DevOps Engineer"
2838,"Usha","Gadhvi","usha.gadhvi.1890@corp.io","Technical Writer"
2839,"Vikas","Jani","vikas.jani.1891@corp.io","Project Manager"
2840,"Waseem","Kadia","waseem.kadia.1892@corp.io","Data Scientist"
2841,"Yogesh","Ladha","yogesh.ladha.1893@corp.io","Software Developer"
2842,"Zeenat","Mandaliya","zeenat.mandaliya.1894@corp.io","HR Specialist"
2843,"Apoorva","Nayak","apoorva.nayak.1895@corp.io","Financial Analyst"
2844,"Bansi","Panchal","bansi.panchal.1896@corp.io","Marketing Executive"
2845,"Chirag","Rathod","chirag.rathod.1897@corp.io","Business Analyst"
2846,"Devanshi","Soni","devanshi.soni.1898@corp.io","UX Designer"
2847,"Eshita","Thakkar","eshita.thakkar.1899@corp.io","DevOps Engineer"
2848,"Farukh","Upadhyay","farukh.upadhyay.1900@corp.io","Technical Writer"
2849,"Gargi","Vyas","gargi.vyas.1901@corp.io","Project Manager"
2850,"Hiten","Wadia","hiten.wadia.1902@corp.io","Data Scientist"
2851,"Isha","Yagnik","isha.yagnik.1903@corp.io","Software Developer"
2852,"Jatin","Zala","jatin.zala.1904@corp.io","HR Specialist"
2853,"Kiran","Acharya","kiran.acharya.1905@corp.io","Financial Analyst"
2854,"Lokesh","Bhatt","lokesh.bhatt.1906@corp.io","Marketing Executive"
2855,"Mansi","Dave","mansi.dave.1907@corp.io","Business Analyst"
2856,"Nikhil","Gadhvi","nikhil.gadhvi.1908@corp.io","UX Designer"
2857,"Ojas","Jani","ojas.jani.1909@corp.io","DevOps Engineer"
2858,"Pooja","Kadia","pooja.kadia.1910@corp.io","Technical Writer"
2859,"Quadir","Ladha","quadir.ladha.1911@corp.io","Project Manager"
2860,"Rashi","Mandaliya","rashi.mandaliya.1912@corp.io","Data Scientist"
2861,"Sahil","Nayak","sahil.nayak.1913@corp.io","Software Developer"
2862,"Tanisha","Panchal","tanisha.panchal.1914@corp.io","HR Specialist"
2863,"Udit","Rathod","udit.rathod.1915@corp.io","Financial Analyst"
2864,"Vanya","Soni","vanya.soni.1916@corp.io","Marketing Executive"
2865,"Waseem","Thakkar","waseem.thakkar.1917@corp.io","Business Analyst"
2866,"Xenia","Upadhyay","xenia.upadhyay.1918@corp.io","UX Designer"
2867,"Yuvraj","Vyas","yuvraj.vyas.1919@corp.io","DevOps Engineer"
2868,"Zara","Wadia","zara.wadia.1920@corp.io","Technical Writer"
2869,"Aditya","Yagnik","aditya.yagnik.1921@corp.io","Project Manager"
2870,"Bhumika","Zala","bhumika.zala.1922@corp.io","Data Scientist"
2871,"Chetan","Acharya","chetan.acharya.1923@corp.io","Software Developer"
2872,"Divya","Bhatt","divya.bhatt.1924@corp.io","HR Specialist"
2873,"Eshaan","Dave","eshaan.dave.1925@corp.io","Financial Analyst"
2874,"Fatima","Gadhvi","fatima.gadhvi.1926@corp.io","Marketing Executive"
2875,"Gaurav","Jani","gaurav.jani.1927@corp.io","Business Analyst"
2876,"Hina","Kadia","hina.kadia.1928@corp.io","UX Designer"
2877,"Ishan","Ladha","ishan.ladha.1929@corp.io","DevOps Engineer"
2878,"Jiya","Mandaliya","jiya.mandaliya.1930@corp.io","Technical Writer"
2879,"Karan","Nayak","karan.nayak.1931@corp.io","Project Manager"
2880,"Lata","Panchal","lata.panchal.1932@corp.io","Data Scientist"
2881,"Mohan","Rathod","mohan.rathod.1933@corp.io","Software Developer"
2882,"Neha","Soni","neha.soni.1934@corp.io","HR Specialist"
2883,"Omkar","Thakkar","omkar.thakkar.1935@corp.io","Financial Analyst"
2884,"Pooja","Upadhyay","pooja.upadhyay.1936@corp.io","Marketing Executive"
2885,"Rahul","Vyas","rahul.vyas.1937@corp.io","Business Analyst"
2886,"Sana","Wadia","sana.wadia.1938@corp.io","UX Designer"
2887,"Tarun","Yagnik","tarun.yagnik.1939@corp.io","DevOps Engineer"
2888,"Uma","Zala","uma.zala.1940@corp.io","Technical Writer"
2889,"Vivek","Acharya","vivek.acharya.1941@corp.io","Project Manager"
2890,"Warda","Bhatt","warda.bhatt.1942@corp.io","Data Scientist"
2891,"Xavier","Dave","xavier.dave.1943@corp.io","Software Developer"
2892,"Yashvi","Gadhvi","yashvi.gadhvi.1944@corp.io","HR Specialist"
2893,"Zubin","Jani","zubin.jani.1945@corp.io","Financial Analyst"
2894,"Anjali","Kadia","anjali.kadia.1946@corp.io","Marketing Executive"
2895,"Bharat","Ladha","bharat.ladha.1947@corp.io","Business Analyst"
2896,"Charu","Mandaliya","charu.mandaliya.1948@corp.io","UX Designer"
2897,"Deepak","Nayak","deepak.nayak.1949@corp.io","DevOps Engineer"
2898,"Erica","Panchal","erica.panchal.1950@corp.io","Technical Writer"
2899,"Farhan","Rathod","farhan.rathod.1951@corp.io","Project Manager"
2900,"Geeta","Soni","geeta.soni.1952@corp.io","Data Scientist"
2901,"Harsh","Thakkar","harsh.thakkar.1953@corp.io","Software Developer"
2902,"Indu","Upadhyay","indu.upadhyay.1954@corp.io","HR Specialist"
2903,"Jatin","Vyas","jatin.vyas.1955@corp.io","Financial Analyst"
2904,"Komal","Wadia","komal.wadia.1956@corp.io","Marketing Executive"
2905,"Lalit","Yagnik","lalit.yagnik.1957@corp.io","Business Analyst"
2906,"Meera","Zala","meera.zala.1958@corp.io","UX Designer"
2907,"Nitin","Acharya","nitin.acharya.1959@corp.io","DevOps Engineer"
2908,"Priya","Bhatt","priya.bhatt.1960@corp.io","Technical Writer"
2909,"Quadir","Dave","quadir.dave.1961@corp.io","Project Manager"
2910,"Ritu","Gadhvi","ritu.gadhvi.1962@corp.io","Data Scientist"
2911,"Samarth","Jani","samarth.jani.1963@corp.io","Software Developer"
2912,"Tina","Kadia","tina.kadia.1964@corp.io","HR Specialist"
2913,"Uday","Ladha","uday.ladha.1965@corp.io","Financial Analyst"
2914,"Vani","Mandaliya","vani.mandaliya.1966@corp.io","Marketing Executive"
2915,"Wasil","Nayak","wasil.nayak.1967@corp.io","Business Analyst"
2916,"Yamini","Panchal","yamini.panchal.1968@corp.io","UX Designer"
2917,"Zayed","Rathod","zayed.rathod.1969@corp.io","DevOps Engineer"
2918,"Anamika","Soni","anamika.soni.1970@corp.io","Technical Writer"
2919,"Bipin","Thakkar","bipin.thakkar.1971@corp.io","Project Manager"
2920,"Chandni","Upadhyay","chandni.upadhyay.1972@corp.io","Data Scientist"
2921,"Deepesh","Vyas","deepesh.vyas.1973@corp.io","Software Developer"
2922,"Esha","Wadia","esha.wadia.1974@corp.io","HR Specialist"
2923,"Firoz","Yagnik","firoz.yagnik.1975@corp.io","Financial Analyst"
2924,"Garima","Zala","garima.zala.1976@corp.io","Marketing Executive"
2925,"Hitesh","Acharya","hitesh.acharya.1977@corp.io","Business Analyst"
2926,"Ira","Bhatt","ira.bhatt.1978@corp.io","UX Designer"
2927,"Jugal","Dave","jugal.dave.1979@corp.io","DevOps Engineer"
2928,"Kavita","Gadhvi","kavita.gadhvi.1980@corp.io","Technical Writer"
2929,"Lokesh","Jani","lokesh.jani.1981@corp.io","Project Manager"
2930,"Mona","Kadia","mona.kadia.1982@corp.io","Data Scientist"
2931,"Naveen","Ladha","naveen.ladha.1983@corp.io","Software Developer"
2932,"Palak","Mandaliya","palak.mandaliya.1984@corp.io","HR Specialist"
2933,"Qasim","Nayak","qasim.nayak.1985@corp.io","Financial Analyst"
2934,"Rachana","Panchal","rachana.panchal.1986@corp.io","Marketing Executive"
2935,"Sandeep","Rathod","sandeep.rathod.1987@corp.io","Business Analyst"
2936,"Tanu","Soni","tanu.soni.1988@corp.io","UX Designer"
2937,"Umesh","Thakkar","umesh.thakkar.1989@corp.io","DevOps Engineer"
2938,"Veena","Upadhyay","veena.upadhyay.1990@corp.io","Technical Writer"
2939,"Wasim","Vyas","wasim.vyas.1991@corp.io","Project Manager"
2940,"Xena","Wadia","xena.wadia.1992@corp.io","Data Scientist"
2941,"Yusuf","Yagnik","yusuf.yagnik.1993@corp.io","Software Developer"
2942,"Zoya","Zala","zoya.zala.1994@corp.io","HR Specialist"
2943,"Aarav","Acharya","aarav.acharya.1995@corp.io","Financial Analyst"
2944,"Bela","Bhatt","bela.bhatt.1996@corp.io","Marketing Executive"
2945,"Chirag","Dave","chirag.dave.1997@corp.io","Business Analyst"
2946,"Drishti","Gadhvi","drishti.gadhvi.1998@corp.io","UX Designer"
2947,"Eklavya","Jani","eklavya.jani.1999@corp.io","DevOps Engineer"
2948,"Falak","Kadia","falak.kadia.2000@corp.io","Technical Writer"
2949,"Gagan","Ladha","gagan.ladha.2001@corp.io","Project Manager"
2950,"Harsha","Mandaliya","harsha.mandaliya.2002@corp.io","Data Scientist"
2951,"Irfan","Nayak","irfan.nayak.2003@corp.io","Software Developer"
2952,"Jheel","Panchal","jheel.panchal.2004@corp.io","HR Specialist"
2953,"Kunal","Rathod","kunal.rathod.2005@corp.io","Financial Analyst"
2954,"Latika","Soni","latika.soni.2006@corp.io","Marketing Executive"
2955,"Manav","Thakkar","manav.thakkar.2007@corp.io","Business Analyst"
2956,"Nisha","Upadhyay","nisha.upadhyay.2008@corp.io","UX Designer"
2957,"Pankaj","Vyas","pankaj.vyas.2009@corp.io","DevOps Engineer"
2958,"Queen","Wadia","queen.wadia.2010@corp.io","Technical Writer"
2959,"Rishi","Yagnik","rishi.yagnik.2011@corp.io","Project Manager"
2960,"Shruti","Zala","shruti.zala.2012@corp.io","Data Scientist"
2961,"Tanishq","Acharya","tanishq.acharya.2013@corp.io","Software Developer"
2962,"Urvashi","Bhatt","urvashi.bhatt.2014@corp.io","HR Specialist"
2963,"Vikas","Dave","vikas.dave.2015@corp.io","Financial Analyst"
2964,"Yuvika","Gadhvi","yuvika.gadhvi.2016@corp.io","Marketing Executive"
2965,"Zahir","Jani","zahir.jani.2017@corp.io","Business Analyst"
2966,"Ankita","Kadia","ankita.kadia.2018@corp.io","UX Designer"
2967,"Bhuvan","Ladha","bhuvan.ladha.2019@corp.io","DevOps Engineer"
2968,"Chhavi","Mandaliya","chhavi.mandaliya.2020@corp.io","Technical Writer"
2969,"Dilip","Nayak","dilip.nayak.2021@corp.io","Project Manager"
2970,"Elina","Panchal","elina.panchal.2022@corp.io","Data Scientist"
2971,"Farukh","Rathod","farukh.rathod.2023@corp.io","Software Developer"
2972,"Gauri","Soni","gauri.soni.2024@corp.io","HR Specialist"
2973,"Harshil","Thakkar","harshil.thakkar.2025@corp.io","Financial Analyst"
2974,"Inaya","Upadhyay","inaya.upadhyay.2026@corp.io","Marketing Executive"
2975,"Junaid","Vyas","junaid.vyas.2027@corp.io","Business Analyst"
2976,"Kavya","Wadia","kavya.wadia.2028@corp.io","UX Designer"
2977,"Lokesh","Yagnik","lokesh.yagnik.2029@corp.io","DevOps Engineer"
2978,"Megha","Zala","megha.zala.2030@corp.io","Technical Writer"
2979,"Nikhil","Acharya","nikhil.acharya.2031@corp.io","Project Manager"
2980,"Prisha","Bhatt","prisha.bhatt.2032@corp.io","Data Scientist"
2981,"Rohan","Dave","rohan.dave.2033@corp.io","Software Developer"
2982,"Siya","Gadhvi","siya.gadhvi.2034@corp.io","HR Specialist"
2983,"Tapan","Jani","tapan.jani.2035@corp.io","Financial Analyst"
2984,"Urmi","Kadia","urmi.kadia.2036@corp.io","Marketing Executive"
2985,"Vikas","Ladha","vikas.ladha.2037@corp.io","Business Analyst"
2986,"Yash","Mandaliya","yash.mandaliya.2038@corp.io","UX Designer"
2987,"Zeba","Nayak","zeba.nayak.2039@corp.io","DevOps Engineer"
2988,"Apoorv","Panchal","apoorv.panchal.2040@corp.io","Technical Writer"
2989,"Bunty","Rathod","bunty.rathod.2041@corp.io","Project Manager"
2990,"Chhavi","Soni","chhavi.soni.2042@corp.io","Data Scientist"
2991,"Dev","Thakkar","dev.thakkar.2043@corp.io","Software Developer"
2992,"Ekta","Upadhyay","ekta.upadhyay.2044@corp.io","HR Specialist"
2993,"Faiz","Vyas","faiz.vyas.2045@corp.io","Financial Analyst"
2994,"Gia","Wadia","gia.wadia.2046@corp.io","Marketing Executive"
2995,"Harshada","Yagnik","harshada.yagnik.2047@corp.io","Business Analyst"
2996,"Ira","Zala","ira.zala.2048@corp.io","UX Designer"
2997,"Jigar","Acharya","jigar.acharya.2049@corp.io","DevOps Engineer"
2998,"Kiran","Bhatt","kiran.bhatt.2050@corp.io","Technical Writer"
2999,"Leena","Dave","leena.dave.2051@corp.io","Project Manager"
3000,"Manik","Gadhvi","manik.gadhvi.2052@corp.io","Data Scientist"
3001,"Nidhi","Jani","nidhi.jani.2053@corp.io","Software Developer"
3002,"Ojas","Kadia","ojas.kadia.2054@corp.io","HR Specialist"
3003,"Palak","Ladha","palak.ladha.2055@corp.io","Financial Analyst"
3004,"Qasim","Mandaliya","qasim.mandaliya.2056@corp.io","Marketing Executive"
3005,"Ria","Nayak","ria.nayak.2057@corp.io","Business Analyst"
3006,"Sahil","Panchal","sahil.panchal.2058@corp.io","UX Designer"
3007,"Tara","Rathod","tara.rathod.2059@corp.io","DevOps Engineer"
3008,"Utsav","Soni","utsav.soni.2060@corp.io","Technical Writer"
3009,"Vishwa","Thakkar","vishwa.thakkar.2061@corp.io","Project Manager"
3010,"Wafa","Upadhyay","wafa.upadhyay.2062@corp.io","Data Scientist"
3011,"Yuvraj","Vyas","yuvraj.vyas.2063@corp.io","Software Developer"
3012,"Zahra","Wadia","zahra.wadia.2064@corp.io","HR Specialist"
3013,"Abhay","Yagnik","abhay.yagnik.2065@corp.io","Financial Analyst"
3014,"Bela","Zala","bela.zala.2066@corp.io","Marketing Executive"
3015,"Chirag","Acharya","chirag.acharya.2067@corp.io","Business Analyst"
3016,"Diya","Bhatt","diya.bhatt.2068@corp.io","UX Designer"
3017,"Eesha","Dave","eesha.dave.2069@corp.io","DevOps Engineer"
3018,"Fardeen","Gadhvi","fardeen.gadhvi.2070@corp.io","Technical Writer"
3019,"Gopal","Jani","gopal.jani.2071@corp.io","Project Manager"
3020,"Heena","Kadia","heena.kadia.2072@corp.io","Data Scientist"
3021,"Inder","Ladha","inder.ladha.2073@corp.io","Software Developer"
3022,"Jaanvi","Mandaliya","jaanvi.mandaliya.2074@corp.io","HR Specialist"
3023,"Kabin","Nayak","kabin.nayak.2075@corp.io","Financial Analyst"
3024,"Leher","Panchal","leher.panchal.2076@corp.io","Marketing Executive"
3025,"Mohit","Rathod","mohit.rathod.2077@corp.io","Business Analyst"
3026,"Nusrat","Soni","nusrat.soni.2078@corp.io","UX Designer"
3027,"Parth","Thakkar","parth.thakkar.2079@corp.io","DevOps Engineer"
3028,"Roshni","Upadhyay","roshni.upadhyay.2080@corp.io","Technical Writer"
3029,"Sameer","Vyas","sameer.vyas.2081@corp.io","Project Manager"
3030,"Tanish","Wadia","tanish.wadia.2082@corp.io","Data Scientist"
3031,"Urvi","Yagnik","urvi.yagnik.2083@corp.io","Software Developer"
3032,"Varun","Zala","varun.zala.2084@corp.io","HR Specialist"
3033,"Winston","Acharya","winston.acharya.2085@corp.io","Financial Analyst"
3034,"Xylo","Bhatt","xylo.bhatt.2086@corp.io","Marketing Executive"
3035,"Yashika","Dave","yashika.dave.2087@corp.io","Business Analyst"
3036,"Zaman","Gadhvi","zaman.gadhvi.2088@corp.io","UX Designer"
3037,"Aakriti","Jani","aakriti.jani.2089@corp.io","DevOps Engineer"
3038,"Brijesh","Kadia","brijesh.kadia.2090@corp.io","Technical Writer"
3039,"Chetna","Ladha","chetna.ladha.2091@corp.io","Project Manager"
3040,"Dhaval","Mandaliya","dhaval.mandaliya.2092@corp.io","Data Scientist"
3041,"Eshaal","Nayak","eshaal.nayak.2093@corp.io","Software Developer"
3042,"Fenil","Panchal","fenil.panchal.2094@corp.io","HR Specialist"
3043,"Gitanjali","Rathod","gitanjali.rathod.2095@corp.io","Financial Analyst"
3044,"Haren","Soni","haren.soni.2096@corp.io","Marketing Executive"
3045,"Ishita","Thakkar","ishita.thakkar.2097@corp.io","Business Analyst"
3046,"Jatin","Upadhyay","jatin.upadhyay.2098@corp.io","UX Designer"
3047,"Komal","Vyas","komal.vyas.2099@corp.io","DevOps Engineer"
3048,"Lehar","Wadia","lehar.wadia.2100@corp.io","Technical Writer"
3049,"Amit","Sharma","amit3049@company.com","Software Engineer"
3050,"Priya","Patel","priya3050@company.com","HR Executive"
3051,"Rahul","Verma","rahul3051@company.com","Accountant"
3052,"Neha","Singh","neha3052@company.com","Project Manager"
3053,"Rohan","Gupta","rohan3053@company.com","UI Designer"
3054,"Kiran","Mehta","kiran3054@company.com","System Analyst"
3055,"Pooja","Iyer","pooja3055@company.com","QA Engineer"
3056,"Sanjay","Kulkarni","sanjay3056@company.com","Network Admin"
3057,"Anita","Joshi","anita3057@company.com","Business Analyst"
3058,"Vikas","Rao","vikas3058@company.com","DevOps Engineer"
3059,"Sneha","Nair","sneha3059@company.com","Content Writer"
3060,"Arjun","Kapoor","arjun3060@company.com","Marketing Manager"
3061,"Mehul","Desai","mehul3061@company.com","Sales Executive"
3062,"Kavita","Bansal","kavita3062@company.com","HR Manager"
3063,"Deepak","Malhotra","deepak3063@company.com","Database Admin"
3064,"Ritu","Chopra","ritu3064@company.com","Recruiter"
3065,"Manoj","Yadav","manoj3065@company.com","Technician"
3066,"Isha","Khanna","isha3066@company.com","Graphic Designer"
3067,"Nikhil","Saxena","nikhil3067@company.com","Data Analyst"
3068,"Swati","Agarwal","swati3068@company.com","Product Owner"
3069,"Harish","Pandey","harish3069@company.com","Support Engineer"
3070,"Divya","Mishra","divya3070@company.com","Office Admin"
3071,"Ajay","Kumar","ajay3071@company.com","Clerk"
3072,"Pankaj","Sinha","pankaj3072@company.com","Team Lead"
3073,"Reena","Arora","reena3073@company.com","HR Assistant"
3074,"Suresh","Pillai","suresh3074@company.com","Warehouse Manager"
3075,"Nisha","Kaur","nisha3075@company.com","Content Strategist"
3076,"Alok","Tripathi","alok3076@company.com","Finance Analyst"
3077,"Komal","Jain","komal3077@company.com","Legal Advisor"
3078,"Ravi","Chauhan","ravi3078@company.com","Field Officer"
3079,"Payal","Shukla","payal3079@company.com","SEO Specialist"
3080,"Mohit","Aggarwal","mohit3080@company.com","Operations Manager"
3081,"Tanvi","Purohit","tanvi3081@company.com","UX Researcher"
3082,"Gaurav","Mishra","gaurav3082@company.com","Civil Engineer"
3083,"Ayesha","Khan","ayesha3083@company.com","PR Executive"
3084,"Rohit","Bose","rohit3084@company.com","Technical Writer"
3085,"Preeti","Ghosh","preeti3085@company.com","Interior Designer"
3086,"Vivek","Shetty","vivek3086@company.com","Maintenance Supervisor"
3087,"Shalini","Mathur","shalini3087@company.com","Counselor"
3088,"Aman","Qureshi","aman3088@company.com","Logistics Coordinator"
3089,"Ritu","Soni","ritu3089@company.com","Event Planner"
3090,"Karthik","Reddy","karthik3090@company.com","Procurement Officer"
3091,"Simran","Gill","simran3091@company.com","HR Specialist"
3092,"Naveen","Bhatia","naveen3092@company.com","QA Lead"
3093,"Priti","Ahuja","priti3093@company.com","Copy Editor"
3094,"Ankur","Rastogi","ankur3094@company.com","Software Tester"
3095,"Seema","Dubey","seema3095@company.com","HR Trainee"
3096,"Rajat","Kohli","rajat3096@company.com","Legal Clerk"
3097,"Monika","Bhardwaj","monika3097@company.com","Customer Support"
3098,"Siddharth","Naik","siddharth3098@company.com","Cloud Engineer"
3099,"Farah","Shaikh","farah3099@company.com","Recruitment Officer"
3100,"Yogesh","Pawar","yogesh3100@company.com","Security Guard"
3101,"Anjali","More","anjali3101@company.com","Receptionist"
3102,"Rakesh","Thakur","rakesh3102@company.com","Driver"
3103,"Kajal","Rai","kajal3103@company.com","Admin Executive"
3104,"Imran","Ali","imran3104@company.com","IT Support"
3105,"Bhavna","Chaudhary","bhavna3105@company.com","HR Coordinator"
3106,"Pradeep","Joshi","pradeep3106@company.com","Store Keeper"
3107,"Sunita","Roy","sunita3107@company.com","Peon"
3108,"Kunal","Bhattacharya","kunal3108@company.com","Graphic Artist"
3109,"Sheetal","Ojha","sheetal3109@company.com","Digital Marketer"
3110,"Akhil","Namboodiri","akhil3110@company.com","Content Moderator"
3111,"Rina","Paul","rina3111@company.com","HR Assistant"
3112,"Saurabh","Dwivedi","saurabh3112@company.com","Business Consultant"
3113,"Manisha","Khatri","manisha3113@company.com","Travel Coordinator"
3114,"Iqbal","Mirza","iqbal3114@company.com","Translator"
3115,"Varun","Mehra","varun3115@company.com","UX Designer"
3116,"Pallavi","Kulkarni","pallavi3116@company.com","Media Planner"
3117,"Jatin","Bansal","jatin3117@company.com","Procurement Executive"
3118,"Rashmi","Tiwari","rashmi3118@company.com","Office Boy"
3119,"Aditya","Sen","aditya3119@company.com","Data Scientist"
3120,"Pooja","Rana","pooja3120@company.com","HR Partner"
3121,"Nitin","Chawla","nitin3121@company.com","Sales Manager"
3122,"Kriti","Vohra","kriti3122@company.com","Media Executive"
3123,"Sandeep","Rawat","sandeep3123@company.com","Electrician"
3124,"Archana","Giri","archana3124@company.com","Assistant Manager"
3125,"Rahul","Ishwar","rahul3125@company.com","Operations Analyst"
3126,"Meena","Pillai","meena3126@company.com","HR Executive"
3127,"Kishore","Naidu","kishore3127@company.com","Security Supervisor"
3128,"Garima","Sethi","garima3128@company.com","Brand Manager"
3129,"Rohit","Dixit","rohit3129@company.com","Front End Developer"
3130,"Lata","Birje","lata3130@company.com","Clerk"
3131,"Arvind","Goyal","arvind3131@company.com","Legal Advisor"
3132,"Mona","Mehrotra","mona3132@company.com","Inventory Manager"
3133,"Sameer","Qazi","sameer3133@company.com","Network Technician"
3134,"Tina","Fernandes","tina3134@company.com","HR Intern"
3135,"Rohini","Pathak","rohini3135@company.com","MIS Executive"
3136,"Karan","Sharma","karan3136@company.com","Project Coordinator"
3137,"Shruti","Kapoor","shruti3137@company.com","Social Media Manager"
3138,"Manav","Bedi","manav3138@company.com","Facilities Manager"
3139,"Ankita","Raut","ankita3139@company.com","Internal Auditor"
3140,"Ravi","Bajaj","ravi3140@company.com","Operations Lead"
3141,"Geeta","Saluja","geeta3141@company.com","File Clerk"
3142,"Sahil","Agarwal","sahil3142@company.com","Support Analyst"
3143,"Juhi","Malik","juhi3143@company.com","HR Consultant"
3144,"Dev","Rana","dev3144@company.com","Civil Supervisor"
3145,"Kiran","Solanki","kiran3145@company.com","Office Executive"
3146,"Anmol","Batra","anmol3146@company.com","Content Editor"
3147,"Priyanka","Shetty","priyanka3147@company.com","Quality Manager"
3148,"Sameer","Dutta","sameer3148@company.com","HR Recruiter"
3149,"Vandana","Deshpande","vandana3149@company.com","Document Controller"
3150,"Suman","Kakkar","suman3150@company.com","Facility Assistant"
3151,"Ritesh","Malviya","ritesh3151@company.com","Junior Engineer"
3152,"Amrita","Verma","amrita3152@company.com","Payroll Officer"
3153,"Kabir","Arora","kabir3153@company.com","Security Analyst"
3154,"Nandita","Ishwar","nandita3154@company.com","HR Trainee"
3155,"Faisal","Khan","faisal3155@company.com","Media Producer"
3156,"Rupali","Gokhale","rupali3156@company.com","Health Coordinator"
3157,"Utkarsh","Singh","utkarsh3157@company.com","Civil Draftsman"
3158,"Poonam","Nagpal","poonam3158@company.com","Personal Assistant"
3159,"Zakir","Kureshi","zakir3159@company.com","Fleet Manager"
3160,"Nisha","Tandon","nisha3160@company.com","Accounts Clerk"
3161,"Sameera","Kazi","sameera3161@company.com","Social Worker"
3162,"Rajat","Kapoor","rajat3162@company.com","Inspection Officer"
3163,"Neelam","Shinde","neelam3163@company.com","Call Center Agent"
3164,"Devendra","Joshi","devendra3164@company.com","Maintenance Engineer"
3165,"Ira","Malhotra","ira3165@company.com","Office Planner"
3166,"Tarun","Bhatt","tarun3166@company.com","Risk Analyst"
3167,"Payal","Sobti","payal3167@company.com","Travel Executive"
3168,"Rahim","Sheikh","rahim3168@company.com","HR Coordinator"
3169,"Charu","Saksena","charu3169@company.com","CSR Officer"
3170,"Subhash","Prajapati","subhash3170@company.com","Technician"
3171,"Puja","Kamble","puja3171@company.com","Office Receptionist"
3172,"Vinod","Jaiswal","vinod3172@company.com","Assistant Clerk"
3173,"Ritika","Kapoor","ritika3173@company.com","HR Officer"
3174,"Shyam","Rathore","shyam3174@company.com","Site Supervisor"
3175,"Tasneem","Ali","tasneem3175@company.com","PR Coordinator"
3176,"Rohit","Mahajan","rohit3176@company.com","Junior Developer"
3177,"Bipin","Chauhan","bipin3177@company.com","Floor Manager"
3178,"Tanya","Gulati","tanya3178@company.com","Operations Assistant"
3179,"Aakash","Sarin","aakash3179@company.com","System Administrator"
3180,"Vibha","Khatri","vibha3180@company.com","Procurement Officer"
3181,"Rajiv","Menon","rajiv3181@company.com","Support Lead"
3182,"Neetu","Puri","neetu3182@company.com","Recruitment Manager"
3183,"Keshav","Joshi","keshav3183@company.com","Civil Consultant"
3184,"Sharmila","Rao","sharmila3184@company.com","Workplace Trainer"
3185,"Gopal","Kumar","gopal3185@company.com","Security Officer"
3186,"Renuka","Naik","renuka3186@company.com","Library Assistant"
3187,"Tushar","Vaidya","tushar3187@company.com","Designer"
3188,"Anita","More","anita3188@company.com","Data Entry Operator"
3189,"Irfan","Qureshi","irfan3189@company.com","Service Engineer"
3190,"Deepa","Rangan","deepa3190@company.com","MIS Analyst"
3191,"Arun","Chopra","arun3191@company.com","QA Analyst"
3192,"Leena","Acharya","leena3192@company.com","Office Administrator"
3193,"Vikas","Kulkarni","vikas3193@company.com","Warehouse Assistant"
3194,"Roshni","Deol","roshni3194@company.com","Operations Trainer"
3195,"Harpreet","Sodhi","harpreet3195@company.com","HR Executive"
3196,"Mahesh","Mundhe","mahesh3196@company.com","Electrician"
3197,"Aarti","Bhide","aarti3197@company.com","Event Coordinator"
3198,"Roshan","Kale","roshan3198@company.com","Courier Supervisor"
3199,"Pragya","Mittal","pragya3199@company.com","Legal Secretary"
3200,"Suhas","Nene","suhas3200@company.com","Inventory Auditor"
3201,"Mitali","Shah","mitali3201@company.com","Office Analyst"
3202,"Zubin","Irani","zubin3202@company.com","Network Specialist"
3203,"Rekha","Jadhav","rekha3203@company.com","HR Supervisor"
3204,"Ajit","Salgaonkar","ajit3204@company.com","Team Coordinator"
3205,"Anuradha","Kaul","anuradha3205@company.com","Document Verifier"
3206,"Sameer","Nagar","sameer3206@company.com","Cleaner"
3207,"Premsagar","Pawar","premsagar3207@company.com","Security Guard"
3208,"Ishita","Kapoor","ishita3208@company.com","Assistant Designer"
3209,"Javed","Ansari","javed3209@company.com","Call Support Executive"
3210,"Bhavesh","Shukla","bhavesh3210@company.com","Ground Staff"
3211,"Vandita","Gandhi","vandita3211@company.com","Admin Manager"
3212,"Rohail","Khan","rohail3212@company.com","Security Inspector"
3213,"Deepali","Phadke","deepali3213@company.com","Facility Manager"
3214,"Sohail","Merchant","sohail3214@company.com","Printer Operator"
3215,"Manpreet","Kaur","manpreet3215@company.com","Reception Executive"
3216,"Rajesh","Kamath","rajesh3216@company.com","IT Executive"
3217,"Tanuja","Borkar","tanuja3217@company.com","Database Assistant"
3218,"Girish","Nair","girish3218@company.com","Telecaller"
3219,"Sejal","Parekh","sejal3219@company.com","Inventory Executive"
3220,"Azeem","Shaikh","azeem3220@company.com","IT Technician"
3221,"Shweta","Tilak","shweta3221@company.com","MIS Coordinator"
3222,"Nilesh","Patankar","nilesh3222@company.com","Office Supervisor"
3223,"Anu","Varma","anu3223@company.com","Dispatch Officer"
3224,"Kishan","Rawal","kishan3224@company.com","Maintenance Staff"
3225,"Rakesh","Thakur","rakesh3225@company.com","Security Officer"
3226,"Sunita","Roy","sunita3226@company.com","Receptionist"
